{"loss": [1.745881199836731, 0.845267117023468, 0.5326505303382874, 0.392209529876709, 0.31494590640068054, 0.26530739665031433, 0.23120348155498505, 0.20564332604408264, 0.186216801404953, 0.17135415971279144, 0.15907588601112366, 0.14892782270908356, 0.14113888144493103, 0.13259436190128326, 0.12670636177062988, 0.12127505987882614, 0.11582391709089279, 0.11200834810733795, 0.10726281255483627, 0.10325538367033005, 0.10031953454017639, 0.09700057655572891, 0.09394027292728424, 0.09177251160144806, 0.08882325142621994], "accuracy": [0.42464396357536316, 0.6851614713668823, 0.7846415638923645, 0.8297685384750366, 0.8557478785514832, 0.8732963800430298, 0.8855963945388794, 0.8953316807746887, 0.9033464193344116, 0.9099658727645874, 0.9150770306587219, 0.9195385575294495, 0.9232810735702515, 0.9271953701972961, 0.9300042986869812, 0.9322683215141296, 0.9350429773330688, 0.936680257320404, 0.9392976760864258, 0.9413517117500305, 0.9427645802497864, 0.9445461630821228, 0.9461514353752136, 0.9471498131752014, 0.9486817717552185], "val_loss": [1.0772454738616943, 0.6215536594390869, 0.4585178792476654, 0.3869577646255493, 0.34698915481567383, 0.32093220949172974, 0.3051662743091583, 0.2947850227355957, 0.28740203380584717, 0.28390780091285706, 0.27741023898124695, 0.2749881148338318, 0.27218377590179443, 0.2707867920398712, 0.2709653079509735, 0.2696603834629059, 0.2698995769023895, 0.2708478569984436, 0.2697489857673645, 0.27008578181266785, 0.2709636688232422, 0.27084875106811523, 0.2727043628692627, 0.2717479467391968, 0.27340638637542725], "val_accuracy": [0.6123692393302917, 0.7660004496574402, 0.8198636770248413, 0.8433816432952881, 0.8572839498519897, 0.8665847182273865, 0.8733019828796387, 0.8787106275558472, 0.8826271891593933, 0.884797990322113, 0.8876720070838928, 0.8901302218437195, 0.8922643065452576, 0.893627941608429, 0.8951016664505005, 0.8962053656578064, 0.8972204923629761, 0.8980643153190613, 0.8991588950157166, 0.8993606567382812, 0.9005072116851807, 0.9012441039085388, 0.899959921836853, 0.901883065700531, 0.9018586277961731]}