{"loss": [1.9638817310333252, 1.2016150951385498, 0.870087742805481, 0.6654707193374634, 0.5329114198684692, 0.4424300491809845, 0.3781585693359375, 0.33130180835723877, 0.29528793692588806, 0.2663709819316864, 0.2430383563041687, 0.22328314185142517, 0.20773304998874664, 0.19360558688640594, 0.18114617466926575, 0.1713682860136032, 0.16234873235225677, 0.15415149927139282, 0.14693106710910797, 0.1408635824918747, 0.1348307579755783, 0.12917682528495789, 0.12480118870735168, 0.12019245326519012, 0.1157013550400734], "accuracy": [0.3564580976963043, 0.5587723255157471, 0.6567326784133911, 0.7233713269233704, 0.7686409950256348, 0.8011038899421692, 0.8245742321014404, 0.8422235250473022, 0.8556440472602844, 0.8669295907020569, 0.8765794038772583, 0.8847666382789612, 0.891645610332489, 0.8975490927696228, 0.90315181016922, 0.9074705839157104, 0.9115276336669922, 0.9149563908576965, 0.9183821678161621, 0.9213590621948242, 0.9242901802062988, 0.9269365668296814, 0.9293570518493652, 0.9311988949775696, 0.9335468411445618], "val_loss": [1.3833833932876587, 0.9571921825408936, 0.7197527289390564, 0.5759890675544739, 0.49111902713775635, 0.4335964322090149, 0.3975156545639038, 0.3683105409145355, 0.34988442063331604, 0.3353426158428192, 0.3232414424419403, 0.31824469566345215, 0.30951952934265137, 0.3040532171726227, 0.30273768305778503, 0.29909560084342957, 0.29679572582244873, 0.2931947112083435, 0.2921927869319916, 0.2901631295681, 0.29146644473075867, 0.2927008867263794, 0.290859192609787, 0.290250688791275, 0.29013505578041077], "val_accuracy": [0.5132678151130676, 0.6388590931892395, 0.7199704051017761, 0.7719624638557434, 0.8003876805305481, 0.8220161199569702, 0.8353986740112305, 0.846640944480896, 0.8542448282241821, 0.8611454963684082, 0.8658356666564941, 0.8691224455833435, 0.8733906149864197, 0.8765490055084229, 0.877826988697052, 0.8803218603134155, 0.8817558288574219, 0.8842568397521973, 0.8853942155838013, 0.8865988254547119, 0.8880786895751953, 0.8885005712509155, 0.8895217776298523, 0.8905368447303772, 0.8903289437294006]}